"","sent_raw","jockers_rinker","jockers","huliu","lmcd","nrc","senticnet","sentiword"
"1","0,CANTO ONE",0,0,0,0,0,-0.537401153701776,0
"2","1,""I was the shadow of the waxwing slain by the false azure in the windowpane; i was the smudge of ashen fluffand i lived on, flew on, in the reflected sky.""",-0.242467157736146,-0.242467157736146,-0.35921060405355,0,0,-0.135961213634269,-0.220764850407911
"3","2,""and from the inside, too, id duplicate myself, my lamp, an apple on a plate: uncurtaining the night, id let dark glass hang all the furniture above the grass, and how delightful when a fall of snow""",-0.0575396455568751,-0.0575396455568751,-0.328797974610715,0.164398987305357,0,0.149109881485959,-0.0707828973120288
"4","3,""Covered my glimpse of lawn and reached up so as to make chair and bed exactly stand upon that snow, out in that crystal land! retake the falling snow: each drifting flake shapeless and slow, unsteady and opaque, a dull dark white against the days pale white and abstract larches in the neutral light.""",-0.455877257684647,-0.319794494196693,-0.95257934441568,-0.272165526975909,0,-0.583658972599836,-0.0324816596182558
"5","4,""and then the gradual and dual blue as night unites the viewer and the view, and in the morning, diamonds of frost""",-0.0533001790889026,-0.0533001790889026,-0.21320071635561,0,0,-0.0140712472794703,-0.248734169081546
"6","5,Express amazement: whose spurred feet have crossed from left to right the blank page of the road?",0.388057000058133,0.388057000058133,0.485071250072666,0,0,0.723726305108418,-0.288011054730645
"7","6,""reading from left to right in winters code: a dot, an arrow pointing back; repeat: dot, arrow pointing back a pheasants feet! torquated beauty, sublimated grouse, finding your china right behind my house.""",0.208893187146837,0.382970843102535,0.348155311911396,0,0.348155311911396,1.12506389044168,0.152317948961236
"8","7,""was he in sherlock holmes, the fellow whose tracks pointed back when he reversed his shoes?""",0.1,0.1,0,0,0.25,0.35025,0.0625
"9","8,all colors made me happy: even gray.",0.28347335475692,0.28347335475692,0.377964473009227,0.377964473009227,0.377964473009227,-0.110365626118694,0.322844654028715
"10","9,My eyes were such that literally they took photographs.",0,0,0,0,0,0.180333333333333,0
"11","10,""whenever id permit, or, with a silent shiver, order it, whatever in my field of vision dwelt an indoor scene, hickory leaves, the svelte stilettos of a frozen stillicide was printed on my eyelids nether side where it would tarry for an hour or two, and while this lasted all i had to do was close my eyes to reproduce the leaves,""",0.0952500952501429,-0.0317500317500476,-0.127000127000191,0,-0.254000254000381,0.0595630595630893,-0.176212676212764
"12","11,""Or indoor scene, or trophies of the eaves.""",0,0,0,0,0,0.0173241161390704,-0.110485434560398
"13","12,""i cannot understand why from the lake i could make out our front porch when id take lake road to school, whilst now, although no tree has intervened, i look but fail to see even the roof.""",-0.441822278383148,-0.27742329107779,-0.534296708742411,-0.369897721437054,-0.369897721437054,-0.429770024224805,-0.0827063905302035
"14","13,""maybe some quirk in space has caused a fold or furrow to displace the fragile vista, the frame house between goldsworth and wordsmith on its square of green.""",-0.188982236504614,-0.188982236504614,-0.377964473009227,-0.188982236504614,-0.188982236504614,0.295568217893216,0.0590569489076918
"15","14,i had a favorite young shagbark there",0.434659143960611,0.434659143960611,0.377964473009227,0.377964473009227,0.755928946018454,0.406689772957929,-0.0472455591261534
"16","15,""With ample dark jade leaves and a black, spare, vermiculated trunk.""",0.0452267016866646,0.0452267016866646,0,0,-0.301511344577764,-0.215580611373101,-0.304652087750449
"17","16,""the setting sun bronzed the black bark, around which, like undone garlands, the shadows of the foliage fell.""",-0.0353553390593274,-0.0353553390593274,-0.235702260395516,0,-0.471404520791032,-0.520430590953299,-0.0810226520109586
"18","17,it is now stout and rough; it has done well.",0.173925271309261,0.173925271309261,0,0,0,0.021503488089145,0.0136294167153257
"19","18,white butterflies turn lavender as they pass through its shade where gently seems to sway the phantom of my little daughters swing.",-0.106600358177805,-0.106600358177805,0,0,-0.21320071635561,0.0515519332147866,-0.0230967442718578
"20","19,the house itself is much the same.",0,0,0,0,0,0.345913085698045,-0.255126019281228
"21","20,one wing weve had revamped.",0,0,0,0,0,0.0406964371904962,0
"22","21,theres a solarium.",0,0,0,0,0,0,0
"23","22,theres",0,0,0,0,0,0,0
"24","23,A picture window flanked with fancy chairs.",0.188982236504614,0.188982236504614,0.377964473009227,0,0.377964473009227,0.278181852134791,0
"25","24,""tvs huge paperclip now shines instead of the stiff vane so often visited by the naive, the gauzy mockingbird retelling all the programs she had heard; switching from chippo-chippo to a clear to-wee, to-wee; then rasping out: come here, come here, come herrr; flirting her tail aloft, or gracefully indulging in a soft upward hop-flop, and instantly (to-wee!)""",0.119688749786255,0.119688749786255,0.0503952630678969,0,-0.579545525280815,-0.122561279781125,0.221716659613448
"26","25,Returning to her perchthe new tv.",0.32659863237109,0.32659863237109,0,0,0,0.266586133672903,-0.0680413817439772
"27","26,i was an infant when my parents died.",0.0353553390593274,0.0353553390593274,-0.353553390593274,0,0.353553390593274,-0.0106066017177982,0
"28","27,they both were ornithologists.",0,0,0,0,0,0,0
"29","28,ive tried so often to evoke them that today i have a thousand parents.",0,0,0,0,0,0.60187231678678,0.0501114828585796
"30","29,""sadly they dissolve in their own virtues and recede, but certain words, chance words i hear or read, such as bad heart always to him refer, and cancer of the pancreas to her.""",-0.39167472590032,-0.39167472590032,-0.522232967867094,-0.174077655955698,-1.22724747448767,-0.0631901891119183,-0.268939616686318
"31","30,a preterist: one who collects cold nests.",-0.188982236504614,-0.188982236504614,-0.377964473009227,0,-0.377964473009227,-0.235471866684749,-0.0826797284707684
"32","31,""Here was my bedroom, now reserved for guests.""",0,0,0,0,0,0.2365272183069,-0.0220970869120796
"33","32,""here, tucked away by the canadian maid, i listened to the buzz downstairs and prayed for everybody to be always well, uncles and aunts, the maid, her niece adele whod seen the pope, people in books, and god.""",0.170332492187301,0.170332492187301,0.162221421130763,0,0.486664263392288,0.0392575839136445,-0.0943966449559907
"34","33,""i was brought up by dear bizarre aunt maud, a poet and a painter with a taste for realistic objects interlaced with grotesque growths and images of doom.""",-0.170084012854152,-0.170084012854152,-0.377964473009227,0,-0.188982236504614,0.471510680079011,-0.124019592706153
"35","34,She lived to hear the next babe cry.",-0.265165042944955,-0.265165042944955,-0.353553390593274,0,-0.353553390593274,-0.246780266634105,-0.121533978016438
"36","35,her room weve kept intact.",0.223606797749979,0.223606797749979,0,0,0.447213595499958,0.0375659420219965,-0.0559016994374947
"37","36,""its trivia create a still life in her style: the paperweight of convex glass enclosing a lagoon, the verse book open at the index (moon, moonrise, moor, moral), the forlorn guitar, the human skull; and from the local star a curio: red sox beat yanks""",0.0596284793999944,0.0596284793999944,-0.149071198499986,0,0.298142396999972,0.405473659919962,0.00204085569374981
"38","37,""On chapmans homer, thumbtacked to the door.""",0,0,0,0,0,0.00982707629823991,0.0472455591261534
"39","38,my god died young.",-0.05,-0.05,-0.5,0,1,0.5375,-0.0625
"40","39,theolatry i found",0.346410161513775,0.346410161513775,0,0,0.577350269189626,0,0
"41","40,""Degrading, and its premises, unsound.""",-0.559016994374947,-0.559016994374947,-0.894427190999916,-0.894427190999916,0,-0.585849810104945,-0.223606797749979
"42","41,no free man needs a god; but was i free?",0.513870119777362,0.513870119777362,1.02774023955472,0,0.316227766016838,0.979515505237155,-0.152184612395603
"43","42,""how fully i felt nature glued to me and how my childish palate loved the taste half-fish, half-honey, of that golden paste! my picture book was at an early age the painted parchment papering our cage: mauve rings around the moon; blood-orange sun; twinned iris; and that rare phenomenon the iridulewhen, beautiful and strange,""",0.211925177130407,0.211925177130407,0.132453235706504,0.132453235706504,0.264906471413009,0.885582333933688,0.328373646855709
"44","43,In a bright sky above a mountain range one opal cloudlet in an oval form reflects the rainbow of a thunderstorm which in a distant valley has been staged for we are most artistically caged.",-0.0912766595106798,-0.0912766595106798,0.169030850945703,0,0.169030850945703,0.636401153810573,0.0295803989154981
"45","44,and theres the wall of sound: the nightly wall raised by a trillion crickets in the fall.",-0.0606339062590832,-0.0606339062590832,-0.242535625036333,0,-0.242535625036333,-0.0715480093857182,-0.397488941031768
"46","45,impenetrable! halfway up the hill id pause in thrall of their delirious trill.",-0.138675049056307,-0.138675049056307,-0.277350098112615,0,-0.554700196225229,0.0881973311998114,0.0780047150941729
"47","46,thats dr. suttons light.",0,0,0,0,0,0.0185,0.078125
"48","47,thats the great bear.",0.25,0.25,0.5,0.5,0,0.815,-0.09375
"49","48,A thousand years ago five minutes were equal to forty ounces of fine sand.",0.0668153104781061,0.0668153104781061,0.267261241912424,0,0,0.0638754368170694,0.100222965717159
"50","49,outstare the stars.",0,0,0,0,0,0,0
"51","50,""infinite foretime and infinite aftertime: above your head they close like giant wings, and you are dead.""",0.169774937525433,0.169774937525433,0,0,0.485071250072666,-0.573354217585891,-0.139457984395891
"52","51,""the regular vulgarian, i daresay, is happier: he sees the milky way only when making water.""",0.0625,0.0625,0.25,0,0,0.0143,0.0208333333333333
"53","52,""then as now i walked at my own risk: whipped by the bough, tripped by the stump.""",-0.618465843842649,-0.375930218806316,-0.485071250072666,0,-0.242535625036333,-0.269942150665439,-0.394120390684041
"54","53,""asthmatic, lame and fat,""",-0.5,-0.5,-1,0,-0.5,-0.56,0.1875
"55","54,I never bounced a ball or swung a bat.",0,0,0,0,0,0.0193333333333333,0.0416666666666667
"56","55,i was the shadow of the waxwing slain by feigned remoteness in the windowpane.",-0.160356745147455,-0.160356745147455,0,0,-0.267261241912424,-0.117862207683379,-0.217149759053845
"57","56,""i had a brain, five senses (one unique), but otherwise i was a cloutish freak.""",-0.309838667696593,-0.309838667696593,-0.580947501931113,0,0.258198889747161,-0.406792350796652,0.149271233135078
"58","57,in sleeping dreams i played with other chaps but really envied nothingsave perhaps the miracle of a lemniscate left upon wet sand by nonchalantly deft bicycle tires.",0.500370233297676,0.3079201435678,0.538860251243651,0,0.346410161513775,0.00292524136389416,-0.0769800358919501
"59","58,""a thread of subtle pain,""",-0.335410196624968,-0.335410196624968,-0.447213595499958,0,-0.447213595499958,-0.0165469030334984,-0.223606797749979
"60","59,""Tugged at by playful death, released again, but always present, ran through me. one day, when id just turned eleven, as i lay prone on the floor and watched a clockwork toy a tin wheelbarrow pushed by a tin boy bypass chair legs and stray beneath the bed, there was a sudden sunburst in my head.""",0.0751672242878694,0.0751672242878694,0,-0.133630620956212,0.033407655239053,0.137205240066791,-0.311804782231162
"61","60,and then black night.",-0.125,-0.125,0,0,-0.5,-0.615,-0.015625
"62","61,that blackness was sublime.",0.125,0.125,0.5,0,-0.5,-0.0535,0
"63","62,""i felt distributed through space and time: one foot upon a mountaintop, one hand""",0,0,0,0,0,0.290512969958805,0.267261241912424
"64","63,""Under the pebbles of a panting strand, one ear in italy, one eye in spain, in caves, my blood, and in the stars, my brain.""",0,0,0,0,0,-0.0476,-0.1
"65","64,""there were dull throbs in my triassic; green optical spots in upper pleistocene, an icy shiver down my age of stone, and all tomorrows in my funnybone.""",-0.356032666000269,-0.356032666000269,-0.577350269189626,0,-0.384900179459751,0.0577350269189626,-0.0134600509186073
"66","65,during one winter every afternoon id sink into that momentary swoon.",-0.0753778361444409,-0.0753778361444409,-0.301511344577764,0,0,-0.816492721116584,-0.150755672288882
"67","66,and then it ceased.",0,0,0,-0.5,0,0,0.1875
"68","67,its memory grew dim.",-0.5,0,-0.5,0,0,-0.242,-0.1125
"69","68,My health improved.",0.433012701892219,0.433012701892219,0.577350269189626,0.577350269189626,0.577350269189626,0.316965297785105,0.505181485540923
"70","69,i even learned to swim.",0,0,0,0,0.447213595499958,0.509376285274452,-0.00931694990624912
"71","70,""but like some little lad forced by a wench with his pure tongue her abject thirst to quench, i was corrupted, terrified, allured, and though old doctor colt pronounced me cured of what, he said, were mainly growing pains, the wonder lingers and the shame remains.""",-0.576866653456035,-0.724308609610932,-0.0810930758851934,-0.361232792579498,-0.7888144654287,0.0118101006880073,-0.285822375421108
"72","71,section",0,0,0,0,0,0,0
"73","72,CANTO TWO",0,0,0,0,0,-0.0212132034355964,0
"74","73,There was a time in my demented youth when somehow i suspected that the truth about survival after death was known",-0.0763762615825973,-0.0763762615825973,0,-0.218217890235992,0,0.459566876837,0.136386181397495
"75","74,""To every human being: i alone knew nothing, and a great conspiracy of books and people hid the truth from me. there was the day when i began to doubt mans sanity: how could he live without knowing for sure what dawn, what death, what doom awaited consciousness beyond the tomb?""",0.0392078423527843,0.0392078423527843,-0.168033610083361,-0.140028008402801,0.364072821847283,0.253618728819153,0.0408415024508169
"76","75,""and finally there was the sleepless night when i decided to explore and fight the foul, the inadmissible abyss,""",-0.78001349515991,-0.78001349515991,-0.458831467741123,0,-0.688247201611685,-0.0718071247014859,-0.243754217237472
"77","76,Devoting all my twisted life to this one task.",-0.166666666666667,-0.166666666666667,-0.333333333333333,0,0.333333333333333,0.016,0.166666666666667
"78","77,today im sixty-one.",0,0,0,0,0,-0.395,0
"79","78,waxwings are berry-pecking.",-0.125,-0.125,0,0,0,0.278,0
"80","79,a cicada sings.",0,0,0,0,0,0,0
"81","80,the little scissors i am holding are a dazzling synthesis of sun and star.",0.534522483824849,0.534522483824849,0.267261241912424,0,0.534522483824849,0.528642736502775,0.133630620956212
"82","81,""i stand before the window and i pare my fingernails and vaguely am aware of certain flinching likenesses: the thumb, our grocers son; the index, lean and glum college astronomer starover blue;""",-0.0265165042944955,-0.0265165042944955,0,0,-0.318198051533946,-0.0505581348548381,-0.00883883476483185
"83","82,""The middle fellow, a tall priest i knew; the feminine fourth finger, an old flirt; and little pinky clinging to her skirt.""",0.191880644720049,0.191880644720049,-0.21320071635561,0,0.426401432711221,0.359584328205373,0.239850805900062
"84","83,and i make mouths as i snip off the thin strips of what aunt maud used to call scarf-skin.",0.0559016994374947,0.0559016994374947,0,0,0.223606797749979,-0.0268328157299975,-0.114598483846864
"85","84,maud shade was eighty when a sudden hush fell on her life.",-0.144337567297406,-0.144337567297406,-0.288675134594813,0,0,0.0724574587832981,-0.0360843918243516
"86","85,we saw the angry flush and torsion of paralysis assail her noble cheek.",-0.38829013735766,-0.38829013735766,-0.277350098112615,0,-0.277350098112615,0.143390000724222,-0.0277350098112615
"87","86,""we moved her to pinedale, famed for its sanitarium.""",0.266666666666667,0.266666666666667,0.333333333333333,0,0,0.387333333333333,0
"88","87,there shed sit",0,0,0,0,-0.577350269189626,0.0502294734194974,0
"89","88,In the glassed sun and watch the fly that lit upon her dress and then upon her wrist.",0.14142135623731,0.14142135623731,0,0,0.235702260395516,0.044783429475148,0.0412478955692153
"90","89,her mind kept fading in the growing mist.",0.194454364826301,0.194454364826301,-0.353553390593274,0,0,-0.706399674405361,-0.243067956032876
"91","90,she still could speak.",0,0,0,0,0,-0.407,-0.0535714285714286
"92","91,""she paused, and groped, and found what seemed at first a serviceable sound, but from adjacent cells impostors took the place of words she needed, and her look spelt imploration as she sought in vain to reason with the monsters in her brain.""",-0.0304997140665209,-0.0304997140665209,-0.152498570332605,0,-0.0381246425831512,0.0118186392007768,0.168383838075584
"93","92,what moment in the gradual decay",-0.204124145231932,-0.204124145231932,-0.408248290463863,0,-0.408248290463863,-0.310268700752536,-0.127577590769957
"94","93,Does resurrection choose?",0.144337567297406,0.144337567297406,0,0,0,0.080251687417358,0
"95","94,what year?",0,0,0,0,0,0.0197989898732233,0
"96","95,what day?",0,0,0,0,0,0.538108260482963,0.117851130197758
"97","96,who has the stopwatch?",0,0,0,0,0,0.266,0
"98","97,who rewinds the tape?",0,0,0,0,0,0,0
"99","98,""are some less lucky, or do all escape?""",0.176776695296637,0.176776695296637,0.353553390593274,0,0.353553390593274,-0.175362481734264,0.478770216428392
"100","99,a syllogism: other men die; but i am not another; therefore ill not die.",0.133630620956212,0.133630620956212,0,0.267261241912424,0.267261241912424,0.232517280463809,0.144766506035897
"101","100,""space is a swarming in the eyes; and time, a singing in the ears.""",0,0,0,0,0,0.339154515986867,0.200445931434318
"102","101,in this hive im locked up.",0,0,0,0,-0.408248290463863,-0.322516149466452,0.114819831692961
"103","102,""yet, if prior to life we had been able to imagine life, what mad, impossible, unutterably weird,""",-0.363803437554499,-0.363803437554499,-0.727606875108999,0,-0.727606875108999,-0.100894820015114,0.055581080737493
"104","103,Wonderful nonsense it might have appeared! so why join in the vulgar laughter?",-0.0554700196225229,-0.0554700196225229,-0.554700196225229,0,0,0.125639594445014,-0.208012573584461
"105","104,""why scorn a hereafter none can verify: the turks delight, the future lyres, the talks with socrates and proust in cypress walks, the seraph with his six flamingo wings, and flemish hells with porcupines and things?""",0.025,0.191666666666667,0.166666666666667,0.166666666666667,0.333333333333333,-0.118666666666667,-0.0520833333333333
"106","105,it isnt that we dream too wild a dream: the trouble is we do not make it seem sufficiently unlikely; for the most",0.0521286035142687,0.0521286035142687,0.41702882811415,0.208514414057075,0.208514414057075,0.534172225931414,0.0356212124014169
"107","106,We can think up is a domestic ghost.",-0.300520382004283,-0.300520382004283,0,0,0,-0.184201316499096,0.202556630027396
"108","107,""how ludicrous these efforts to translate into ones private tongue a public fate! instead of poetry divinely terse, disjointed notes, insomnias mean verse! life is a message scribbled in the dark.""",-0.28736848324284,-0.28736848324284,-0.179605302026775,0,-0.179605302026775,0.471823128424338,0.0112253313766734
"109","108,anonymous.",0,0,0,0,0,0,0
"110","109,""espied on a pines bark, as we were walking home the day she died, an empty emerald case, squat and frog-eyed, hugging the trunk; and its companion piece,""",-0.046423834544263,-0.046423834544263,-0.185695338177052,0,-0.185695338177052,0.154127130686953,0.1354028507541
"111","110,A gum-logged ant.",0,0,0,0,0,0.4265,-0.3125
"112","111,""that englishman in nice, a proud and happy linguist: je nourris les pauvres cigalesmeaning that he fed the poor sea gulls! lafontaine was wrong: dead is the mandible, alive the song.""",0.0449013255066937,0.0449013255066937,0,-0.179605302026775,0.7184212081071,0.0317901384587392,-0.078577319636714
"113","112,""and so i pare my nails, and muse, and hear your steps upstairs, and all is right, my dear.""",0.29824045403173,0.29824045403173,0.229415733870562,0,0,0.320493780217175,0.387139050906573
"114","113,""sybil, throughout our high-school days i knew your loveliness, but fell in love with you during an outing of the senior class""",0.492615303209839,0.492615303209839,0.375325945302735,0,0,0.476007130130193,0.117289357907105
"115","114,To new wye falls.",0.275,0.275,-0.5,0,0,0.3265,-0.0833333333333333
"116","115,we luncheoned on damp grass.",0,0,0,0,0,0.00715541752799933,-0.111803398874989
"117","116,our teacher of geology discussed the cataract.",-0.13228756555323,-0.13228756555323,0,0,0,0.207502495682066,0
"118","117,its roar and rainbow dust made the tame park romantic.",0,0,0,0,0,0.0303578655376165,0.0869626356546304
"119","118,i reclined in aprils haze immediately behind your slender back and watched your neat small head bend to one side.",0.391311896062463,0.391311896062463,0,0,-0.223606797749979,0.234787137637478,-0.326093246718719
"120","119,""one palm with fingers spread, between a star of trillium and a stone, pressed on the turf.""",0.1455213750218,0.1455213750218,0,0,0,0.445537943191744,0.121267812518166
"121","120,a little phalange bone kept twitching.",0,0,0,0,0,-0.0478466996423647,-0.0612372435695794
"122","121,then you turned and offered me",0,0,0,0,0,0,-0.102062072615966
"123","122,A thimbleful of bright metallic tea.",0.204124145231932,0.204124145231932,0.408248290463863,0,0,0.589102283139354,-0.071443450831176
"124","123,your profile has not changed.",0,0,0,0,0,0.295160973029972,-0.139754248593737
"125","124,""the glistening teeth biting the careful lip; the shade beneath the eye from the long lashes; the peach down rimming the cheekbone; the dark silky brown of hair brushed up from temple and from nape; the very naked neck; the persian shape of nose and eyebrow, you have kept it all and on still nights we hear the waterfall.""",-0.0455661188432884,0.0846227921375355,0,0,0.260377821961648,0.317947358397368,0.145532604060707
"126","125,""come and be worshiped, come and be caressed,""",0,0,0,0,0,0.0791959594928933,0.147313912747197
"127","126,""My dark vanessa, crimson-barred, my blest my admirable butterfly! explain how could you, in the gloam of lilac lane, have let uncouth, hysterical john shade blubber your face, and ear, and shoulder blade?""",-0.403021675084896,-0.403021675084896,-0.342997170285018,-0.171498585142509,0,-0.113017567608913,-0.50377709385612
"128","127,we have been married forty years.",0,0,0,0,0,0.502145397270552,-0.204124145231932
"129","128,at least four thousand times your pillow has been creased by our two heads.",0.0213808993529939,0.0213808993529939,0,0,0.0534522483824849,0.00550558158339594,0
"130","129,four hundred thousand times the tall clock with the hoarse westminster chimes has marked our common hour.",-0.194028500029066,-0.194028500029066,0,0,0,0.130241630644511,0.016734958127507
"131","130,how many more",0,0,0,0,0,0.592361376188556,0
"132","131,Free calendars shall grace the kitchen door?",0.377964473009227,0,0.377964473009227,0,0.377964473009227,0.322025731003862,0.188982236504614
"133","132,i love you when youre standing on the lawn peering at something in a tree: its gone.",0.18190171877725,0.18190171877725,0.242535625036333,0,0.727606875108999,0.41400831193702,0
"134","133,it was so small.",0,0,0,0,-0.5,-0.055,-0.4375
"135","134,it might come back (all this voiced in a whisper softer than a kiss).",0.293987366103667,0.293987366103667,0.267261241912424,0,0.267261241912424,0.441782832881237,0.200445931434318
"136","135,i love you when you call me to admire a jets pink trail above the sunset fire.",0.509324812576299,0.509324812576299,0.485071250072666,0,0.727606875108999,0.522906807578334,0.0454754296943124
"137","136,i love you when youre humming as you pack a suitcase or the farcical car sack with round-trip zipper.",-0.223606797749979,0,-0.447213595499958,0,0,0.703243378923684,0.123449586257801
"138","137,and i love you most",0.603738353924943,0.603738353924943,0.804984471899924,0,0.804984471899924,0.52726482909445,0.301869176962472
"139","138,""When with a pensive nod you greet her ghost and hold her first toy on your palm, or look at a postcard from her, found in a book.""",0.103940230077537,0.103940230077537,0,0,0.188982236504614,0.283662336993425,0.271661964975382
"140","139,""she might have been you, me, or some quaint blend: nature chose me so as to wrench and rend your heart and mine.""",-0.0521286035142687,-0.0521286035142687,0.208514414057075,0,-0.208514414057075,-0.138870599762012,-0.169417961421373
"141","140,at first wed smile and say: all little girls are plump or jim mcvey (the family oculist) will cure that slight squint in no time.",0.206,0.206,0.24,0,0.2,0.04332,0.14
"142","141,""and later: shell be quite pretty, you know; and, trying to assuage""",0.67838656629781,0.67838656629781,0.519615242270663,0,0.288675134594813,0.559683350952423,0.0433012701892219
"143","142,The swelling torment: thats the awkward age.",-0.755928946018454,-0.755928946018454,-1.13389341902768,0,-0.755928946018454,-0.636870137020548,-0.456707071552816
"144","143,""she should take riding lessons, you would say (your eyes and mine not meeting).""",0,0,0,0,0,0.0523832034148352,0.0751672242878694
"145","144,""she should play tennis, or badminton.""",0,0,0,0,0,0.302920231524186,0.0127577590769957
"146","145,""less starch, more fruit! she may not be a beauty, but shes cute.""",0.440293280753776,0.440293280753776,0.56856770113086,0,0.56856770113086,-0.141157332434415,0.333686836791739
"147","146,""it was no use, no use.""",0,0,0,0,0,-0.0579712572458685,-0.170103454359943
"148","147,""the prizes won in french and history, no doubt, were fun; at christmas parties games were rough, no doubt, and one shy little guest might be left out; but lets be fair: while children of her age""",0.675268840356755,0.675268840356755,0.863094683353126,0.328797974610715,0.863094683353126,0.373300780474275,-0.112339307991994
"149","148,""Were cast as elves and fairies on the stage that shed helped paint for the school pantomime, my gentle girl appeared as mother time, a bent charwoman with slop pail and broom, and like a fool i sobbed in the mens room.""",-0.10029717747536,-0.10029717747536,0.154303349962092,0,-0.462910049886276,0.38205509450614,0.279674821806292
"150","149,another winter was scrape-scooped away.",-0.102062072615966,-0.102062072615966,0,0,0,-0.223311814883733,-0.0765465544619743
"151","150,""the toothwort white haunted our woods in may. summer was power-mowed, and autumn, burned.""",-0.245288945259803,-0.245288945259803,-0.258198889747161,-0.258198889747161,0,-0.252002116393229,-0.0430331482911935
"152","151,""alas, the dingy cygnet never turned into a wood duck.""",-0.126491106406735,-0.126491106406735,0,0,0,0.319390043677006,0.0395284707521047
"153","152,and again your voice:",0,0,0,0,0,0.066,0
"154","153,but this is prejudice! you should rejoice that she is innocent.",0.316586911806652,0.316586911806652,0,-0.301511344577764,0.301511344577764,-0.152866251700926,0.226133508433323
"155","154,why overstress the physical?",0,0,0,0,0,0.373,0.0625
"156","155,she wants to look a mess.",-0.306186217847897,-0.306186217847897,-0.408248290463863,0,-0.408248290463863,-0.126148721753334,-0.110567245333963
"157","156,virgins have written some resplendent books.",0.204124145231932,0.204124145231932,0.408248290463863,0,0.408248290463863,0.537662998540908,0.102062072615966
"158","157,lovemaking is not everything.",0,0,0,0,0,-0.066,0
"159","158,""good looks are not that indispensable! and still old pan would call from every painted hill, and still the demons of our pity spoke: no lips would share the lipstick of her smoke; the telephone that rang before a ball""",-0.237170824512628,-0.395284707521047,0,-0.158113883008419,-0.474341649025257,0.0630874393203592,-0.163054941852432
"160","159,""Every two minutes in sorosa hall for her would never ring; and, with a great screeching of tires on gravel, to the gate out of the lacquered night, a white-scarfed beau would never come for her; shed never go, a dream of gauze and jasmine, to that dance.""",0.1,0.1,0.142857142857143,0.285714285714286,0.142857142857143,0.0372857142857143,0.00744047619047619
"161","160,""we sent her, though, to a chateau in france.""",0,0,0,0,0,0,0
"162","161,""and she returned in tears, with new defeats, new miseries.""",-0.158113883008419,-0.158113883008419,0,-0.316227766016838,0,0.220094525147719,-0.105409255338946
"163","162,""on days when all the streets of college town led to the game, shed sit""",0.103279555898864,0.103279555898864,0.258198889747161,0,-0.258198889747161,-0.321715816624963,0.0968245836551854
"164","163,""On the library steps, and read or knit; mostly alone shed be, or with that nice frail roommate, now a nun; and, once or twice, with a korean boy who took my course.""",-0.0087038827977849,-0.0087038827977849,0,0,-0.348155311911396,-0.145528920378963,0.0326395604916933
"165","164,""she had strange fears, strange fantasies, strange force of characteras when she spent three nights investigating certain sounds and lights in an old barn.""",-0.683815886526971,-0.683815886526971,-0.816496580927726,-0.77567175188134,-0.408248290463863,-0.239437622357056,0.0969589689851675
"166","165,""she twisted words: pot, top, spider, redips.""",0.28347335475692,-0.0944911182523068,0,0,0,0.0204100815424983,-0.0472455591261534
"167","166,and powder was red wop.",0,0,0,0,0,0.233892710446478,-0.139754248593737
"168","167,she called you a didactic katydid.",0.163299316185545,0.163299316185545,0,0,0.408248290463863,0.237192256759504,0
"169","168,""She hardly ever smiled, and when she did, it was a sign of pain.""",-0.15768413272833,-0.15768413272833,-0.267261241912424,0,-0.267261241912424,-0.133897882198125,-0.100222965717159
"170","169,""shed criticize ferociously our projects, and with eyes expressionless sit on her tumbled bed spreading her swollen feet, scratching her head with psoriatic fingernails, and moan, murmuring dreadful words in monotone.""",-0.987829161147262,-0.987829161147262,-1.07763181216065,-0.179605302026775,-0.898026510133875,-0.291679010491482,-0.527590574703651
"171","170,""she was my darling: difficult, morose but still my darling.""",0.355756236768943,0.355756236768943,0.711512473537885,-0.316227766016838,1.02774023955472,-0.0320307104198455,-0.0762334793076306
"172","171,you remember those almost unruffled evenings when we played",0,0,0,0,0,0.0652,0.0444444444444444
"173","172,""Mah-jongg, or she tried on your furs, which made her almost fetching; and the mirrors smiled, the lights were merciful, the shadows mild.""",0.265361388801511,0.265361388801511,0.204124145231932,0,0.204124145231932,0.104307438213517,0.0612372435695794
"174","173,""sometimes id help her with a latin text, or shed be reading in her bedroom, next to my fluorescent lair, and you would be in your own study, twice removed from me, and i would hear both voices now and then: mother, whats grimpen?""",-0.143217888674438,0.0150755672288882,-0.158293455903326,0,0,0.192062726496035,0.116207497389346
"175","174,what is what?",0,0,0,0,0,0,0
"176","175,grim pen.",0,0,0,0,0,0.0403050865276332,0
"177","176,""pause, and your guarded scholium.""",0,0,0,0,0,0.178438224604483,0.363361046343716
"178","177,then again:",0,0,0,0,0,0.0629325035256027,0
"179","178,""mother, whats chtonic?""",0,0,0,0,0,0.0334863156129983,0
"180","179,""that, too, youd explain, appending: would you like a tangerine?""",0.158113883008419,0.158113883008419,0.316227766016838,0,0.316227766016838,0.0104355162785557,0.158113883008419
"181","180,yes.",0,0,0,0,0,0,0
"182","181,and what does sempiternal mean?",0,0,0,0,0,0.259831098985476,0.0559016994374947
"183","182,youd hesitate.",-0.353553390593274,-0.353553390593274,0,0,0,-0.551543289325507,0
"184","183,and lustily id roar the answer from my desk through the closed door.",0,0,0,-0.277350098112615,0,0.121756693071438,0.156009430188346
"185","184,it does not matter what it was she read (some phony modern poem that was said in english lit to be a document engazhay and compellingwhat this meant nobody cared); the point is that the three",0.025,0.025,0,0,0.166666666666667,0.0146666666666667,0.0104166666666667
"186","185,""Chambers, then bound by you and her and me, now form a tryptich or a three-act play in which portrayed events forever stay.""",-0.0510310363079829,-0.0510310363079829,0,0,-0.204124145231932,0.135538432434003,-0.0956831930774679
"187","186,i think she always nursed a small mad hope.",0,0,-0.333333333333333,0,-0.333333333333333,0.0686666666666667,-0.0972222222222222
"188","187,id finished recently my book on pope.",0,0,0,0,0.377964473009227,0.346971386222471,0.0944911182523068
"189","188,""jane dean, my typist, offered her one day to meet pete dean, a cousin.""",0,0,0,0,0,0.0531849871405725,0.0779511955577904
"190","189,janes fiance would then take all of them in his new car a score of miles to a hawaiian bar.",0.178885438199983,0.178885438199983,0,0,0.223606797749979,0.84501008869717,0.137425011117175
"191","190,the boy was picked up at a quarter past",0.0833333333333333,0.0833333333333333,0,0,-0.333333333333333,0.400333333333333,0.09375
"192","191,Eight in new wye.",0.4,0.4,0,0,0,0.3265,-0.0833333333333333
"193","192,sleet glazed the roads.",0,0,0,0,0,0,-0.1875
"194","193,""at last they found the placewhen suddenly pete dean clutching his brow exclaimed that he had clean forgotten an appointment with a chum whod land in jail if he, pete, did not come, et cetera.""",0.00845154254728515,0.00845154254728515,0.169030850945703,0,0.169030850945703,0.150775519043567,-0.0302846941277718
"195","194,she said she understood.",0,0,0,0,0,0,0
"196","195,after hed gone the three young people stood before the azure entrance for awhile.",0.10690449676497,0.10690449676497,0,0,0.267261241912424,0.351983055598663,-0.167038276195265
"197","196,""puddles were neon-barred; and with a smile she said shed be de trop, shed much prefer""",0.104290318765623,0.104290318765623,0.679099750101732,-0.242535625036333,-0.242535625036333,0.140767676771088,0.0303169531295416
"198","197,Just going home.",0,0,0,0,0,-0.402413137625169,-0.0721687836487032
"199","198,""her friends escorted her to the bus stop and left; but she, instead of riding home, got off at lochanhead.""",-0.0894427190999916,-0.0894427190999916,0,0,0,-0.193419880053732,-0.158388148406235
"200","199,you scrutinized your wrist: its eight fifteen.",0,0,0,-0.377964473009227,0,-0.0377964473009227,0
"201","200,[and here time forked.] ill turn it on.",-0.176776695296637,-0.176776695296637,0,-0.353553390593274,-0.353553390593274,0.0243951839509359,0.0736569563735987
"202","201,""the screen in its blank broth evolved a lifelike blur, and music welled.""",0.0277350098112615,0.0277350098112615,-0.277350098112615,0,0,0.408259344421769,-0.0808937786161793
"203","202,""he took one look at her, and shot a death ray at well-meaning jane.""",-0.0903696114115064,-0.0903696114115064,0,0,-0.516397779494322,0.394786102423409,0.0810572381212921
"204","203,a male hand traced from florida to maine the curving arrows of aeolian wars.",-0.267261241912424,-0.267261241912424,0,0,0,0.341025344680254,0
"205","204,""You said that later a quartet of bores, two writers and two critics, would debate the cause of poetry on channel""",-0.327326835353989,-0.109108945117996,-0.436435780471985,0,0.218217890235992,0.226946605845432,0.0545544725589981
"206","205,""a nymph came pirouetting, under white rotating petals, in a vernal rite to kneel before an altar in a wood where various articles of toilet stood.""",0.0784464540552736,0.0784464540552736,0,0,0.196116135138184,-0.236908291246926,-0.155258606984396
"207","206,""i went upstairs and read a galley proof, and heard the wind roll marbles on the roof.""",0,0,0,0,0,0.279401040041856,0.298116705773826
"208","207,""see the blind beggar dance, the cripple sing""",-0.282842712474619,-0.282842712474619,-1.06066017177982,0,-0.353553390593274,-0.118440385848747,0.0928077650307344
"209","208,Has unmistakably the vulgar ring of its preposterous age.",-0.366666666666667,-0.366666666666667,-0.666666666666667,0,-0.333333333333333,-0.606,0.263888888888889
"210","209,""then came your call, my tender mockingbird, up from the hall.""",0.226133508433323,0.226133508433323,0.301511344577764,0,0.301511344577764,0.170956932375592,0.179022360843047
"211","210,""i was in time to overhear brief fame and have a cup of tea with you: my name was mentioned twice, as usual just behind (one oozy footstep) frost.""",0.167125804359347,0.167125804359347,0,0,0.371390676354104,0.226548312576003,-0.0328835494688529
"212","211,sure you dont mind?",0,0,0,0,0,-0.036,-0.0625
"213","212,""ill catch the exton plane, because you know if i dont come by midnight with the dough and then there was a kind of travelog:""",-0.1,-0.1,0,-0.2,-0.2,-0.12712,-0.112916666666667
"214","213,""A host narrator took us through the fog of a march night, where headlights from afar approached and grew like a dilating star, to the green, indigo and tawny sea which we had visited in thirty-three, nine months before her birth.""",0.262315694935556,0.262315694935556,0.154303349962092,0,0.771516749810459,-0.110481198572858,-0.0289318781178922
"215","214,""now it was all pepper-and-salt, and hardly could recall that first long ramble, the relentless light, the flock of sails (one blue among the white clashed queerly with the sea, and two were red),""",-0.0166666666666667,-0.0166666666666667,-0.166666666666667,-0.0333333333333333,0.333333333333333,-0.4051,-0.00590277777777778
"216","215,""The man in the old blazer, crumbing bread, the crowding gulls insufferably loud, and one dark pigeon waddling in the crowd.""",-0.403703096936586,-0.403703096936586,-0.654653670707977,0,-0.218217890235992,-0.674729716609689,-0.259133744655241
"217","216,was that the phone?",0,0,0,0,0,0.017,0
"218","217,you listened at the door.",0,0,0,0,0,0.0116275534829989,0
"219","218,nothing.",0,0,0,0,0,0,0
"220","219,picked up the program from the floor.",0,0,0,0,0,0.411981275580058,0.106302508033845
"221","220,more headlights in the fog.",0,0,0,0,0,-0.0581377674149945,-0.0559016994374947
"222","221,there was no sense in window-rubbing: only some white fence and the reflector poles passed by unmasked.",0.0188561808316413,0.0188561808316413,0,0,-0.188561808316413,-0.014613540144522,0.00392837100659194
"223","222,are we quite sure shes acting right?",0.786166103859193,0.786166103859193,0.982707629823991,0,0,1.17040478712037,0.184257680591998
"224","223,you asked.",0,0,0,0,0,0,0
"225","224,""its technically a blind date, of course.""",-0.28347335475692,-0.28347335475692,-0.377964473009227,0,-0.377964473009227,-0.094869082725316,-0.0236227795630767
"226","225,""Well, shall we try the preview of remorse?""",-0.0707106781186547,-0.0707106781186547,0,0,-0.353553390593274,0.251376460711818,0.0373352380466497
"227","226,""and we allowed, in all tranquillity, the famous film to spread its charmed marquee; the famous face flowed in, fair and inane: the parted lips, the swimming eyes, the grain of beauty on the cheek, odd gallicism, and the soft form dissolving in the prism of corporate desire.""",0.389711431702997,0.389711431702997,0.433012701892219,0,0.433012701892219,0.519615242270663,0.103742626495011
"228","227,""i think, she said, ill get off here.""",-0.176776695296637,-0.176776695296637,0,-0.353553390593274,-0.353553390593274,-0.0664680374315355,0.0883883476483185
"229","228,its only lochanhead.",0,0,0,0,0,0,0
"230","229,""yes, thats okay.""",0.461880215351701,0.461880215351701,0,0,0,-0.335440506399173,0.505181485540923
"231","230,""gripping the stang, she peered""",-0.111803398874989,-0.111803398874989,0,0,0,0.309471808085971,0
"232","231,At ghostly trees.",-0.288675134594813,-0.288675134594813,0,0,-0.577350269189626,-0.27712812921102,0
"233","232,bus stopped.",-0.282842712474619,-0.282842712474619,0,-0.707106781186547,0,0,0
"234","233,bus disappeared.",-0.424264068711928,-0.424264068711928,0,-0.707106781186547,0,0,0
"235","234,thunder above the jungle.",0,0,0,0,0,0.436,0
"236","235,""no, not that! pat pink, our guest (antiatomic chat).""",0,0,0,0,0,-0.249666666666667,-0.25
"237","236,eleven struck.",-0.353553390593274,-0.353553390593274,-0.707106781186547,0,0,0,-0.265165042944955
"238","237,you sighed.",0,0,0,0,0,0,0
"239","238,""well, im afraid theres nothing else of interest.""",0.194454364826301,0.194454364826301,0,0,0,-0.300873935394876,0.0373352380466497
"240","239,you played network roulette: the dial turned and trked.",0,0,0,0,0,0.351,-0.0833333333333333
"241","240,commercials were beheaded.",0,0,0,0,0,0,0
"242","241,faces flicked.",0,0,0,0,0,0,0
"243","242,an open mouth in midsong was struck out.",-0.176776695296637,-0.176776695296637,-0.353553390593274,0,0,-0.0353553390593273,-0.324090608043834
"244","243,""an imbecile with sideburns was about to use his gun, but you were much too quick.""",-1.075,-0.3125,-1.0125,0,-0.25,-0.26905,0.0192708333333333
"245","244,A jovial negro raised his trumpet.",0.816496580927726,0.408248290463863,0.816496580927726,0,-0.408248290463863,0.451930857543496,0
"246","245,trk.",0,0,0,0,0,0,0
"247","246,your ruby ring made life and laid the law.",0,0,0,0,0,0.46,0.166666666666667
"248","247,""oh, switch it off! and as life snapped we saw a pinhead light dwindle and die in black infinity.""",-0.0917662935482247,-0.0917662935482247,-0.229415733870562,0,-0.229415733870562,-0.00183532587096449,-0.238974722781835
"249","248,""out of his lakeside shack a watchman, father time, all gray and bent, emerged with his uneasy dog and went along the reedy bank.""",-0.367423461417477,-0.367423461417477,-0.408248290463863,0,-0.204124145231932,0.126556970043798,0.17860862707794
"250","249,he came too late.",-0.125,-0.125,0,-0.5,-0.5,-0.015,-0.0625
"251","250,you gently yawned and stacked away your plate.",0,0,0,0,0,-0.183847763108502,-0.0441941738241592
"252","251,we heard the wind.",0,0,0,0,0,0.166,0.09375
"253","252,we heard it rush and throw",0,0,0,0,0,0.0751176854453508,-0.272165526975909
"254","253,Twigs at the windowpane.",0,0,0,0,0,0,0
"255","254,phone ringing?",0,0,0,0,0,0,0.176776695296637
"256","255,i helped you with the dishes.",0.32659863237109,0.32659863237109,0.408248290463863,0,0,0,0
"257","256,""the tall clock kept on demolishing young root, old rock.""",0.126491106406735,0.126491106406735,0,-0.316227766016838,0.632455532033676,-0.410147412523839,0.0790569415042095
"258","257,""midnight, you said.""",0,0,0,0,0,0,0
"259","258,whats midnight to the young?",0.178885438199983,0.178885438199983,0,0,0.447213595499958,0.223159584154479,-0.0559016994374947
"260","259,""and suddenly a festive blaze was flung across five cedar trunks, snowpatches showed, and a patrol car on our bumpy road came to a crunching stop.""",-0.0784464540552736,-0.0784464540552736,0,0,0,0.39850798660079,-0.10622957319985
"261","260,""retake, retake! people have thought she tried to cross the lake at lochan neck where zesty skaters crossed""",0,0,0,0,-0.235702260395516,0.756132851348815,-0.206239477846076
"262","261,From exe to wye on days of special frost.",0.183333333333333,0.183333333333333,-0.333333333333333,0,0.333333333333333,0.207,-0.208333333333333
"263","262,others supposed she might have lost her way by turning left from bridgeroad; and some say she took her poor young life.",-0.181220608902269,-0.181220608902269,-0.426401432711221,-0.426401432711221,0,0.543235425274095,-0.279825940216739
"264","263,i know.",0,0,0,0,0,0.0975807358037436,0.132582521472478
"265","264,you know.",0,0,0,0,0,0.0975807358037436,0.132582521472478
"266","265,""it was a night of thaw, a night of blow, with great excitement in the air.""",0.275,0.275,0.25,0.5,0.25,0.22875,0.0416666666666667
"267","266,""black spring stood just around the corner, shivering in the wet starlight and on the wet ground.""",0.0848874687627165,0.0848874687627165,0,0,0,-0.275035398791202,-0.0151584765647708
"268","267,""the lake lay in the mist, its ice half drowned.""",-0.33203915431768,-0.33203915431768,-0.316227766016838,0,0,-0.148943277793931,-0.0592927061281571
"269","268,a blurry shape stepped off the reedy bank",-0.176776695296637,-0.176776695296637,-0.353553390593274,0,0.353553390593274,-0.0417193000900063,0.191508086571357
"270","269,""Into a crackling, gulping swamp, and sank.""",-0.226778683805536,-0.226778683805536,0,0,-0.377964473009227,-0.0510252038562457,-0.0472455591261534
"271","270,section",0,0,0,0,0,0,0
"272","271,CANTO THREE",0,0,0,0,0,-0.0212132034355964,0
"273","272,""Lif, lifeless tree! your great maybe, rabelais: the grand potato.""",0.0790569415042095,0.0790569415042095,0.316227766016838,0.316227766016838,0,0.368405347409616,-0.105409255338946
"274","273,""i.p.h., a lay institute""",0,0,0,0,0,0.0665444713456097,0
"275","274,""(i) of preparation (p) for the hereafter (h), or if, as we called itbig if!engaged me for one term to speak on death (to lecture on the worm, wrote president mcaber).""",-0.0707106781186548,-0.0707106781186548,-0.176776695296637,0,0,0.267463139983812,-0.110485434560398
"276","275,""you and i, and she, then a mere tot, moved from new wye to yewshade, in another, higher state.""",0.183532587096449,0.183532587096449,0,0,0,0.163114586781969,0.105148878024007
"277","276,I love great mountains.",0.625,0.625,1,0.5,0.5,0.756,0.1875
"278","277,""from the iron gate of the ramshackle house we rented there one saw a snowy form, so far, so fair, that one could only fetch a sigh, as if it might assist assimilation.""",0.081816498299178,0.081816498299178,0,0,0.522232967867094,0.220417127971105,0.119678388469542
"279","278,iph was a larvorium and a violet: a grave in reasons early spring.",-0.138675049056307,-0.138675049056307,0,0,-0.277350098112615,-0.176394662399623,0.0346687622640768
"280","279,and yet it missed the gist of the whole thing; it missed what mostly interests the preterist; for we die every day; oblivion thrives",-0.41845449772546,-0.41845449772546,-0.408248290463863,-0.408248290463863,-0.408248290463863,-0.107165176246764,0.0680413817439772
"281","280,""Not on dry thighbones but on blood-ripe lives, and our best yesterdays are now foul piles of crumpled names, phone numbers and foxed files.""",-0.395,-0.395,-0.2,0.2,-0.65,-0.604952,-0.181225
"282","281,""im ready to become a floweret or a fat fly, but never, to forget.""",-0.0534522483824849,-0.0534522483824849,0,0,-0.534522483824849,-0.166771014953353,0.033407655239053
"283","282,and ill turn down eternity unless the melancholy and the tenderness of mortal life; the passion and the pain; the claret taillight of that dwindling plane off hesperus; your gesture of dismay",-0.362392225358106,-0.362392225358106,-0.707106781186547,-0.176776695296637,-0.530330085889911,-0.167407530445915,-0.301993521131755
"284","283,""On running out of cigarettes; the way you smile at dogs; the trail of silver slime snails leave or flagstones; this good ink, this rhyme, this index card, this slender rubber band which always forms, when dropped, an ampersand, are found in heaven by the newlydead stored in its strongholds through the years.""",0.364005494464026,0.364005494464026,0.274721127897378,0,0.412081691846067,-0.273759603949737,0.0386326586105688
"285","284,""instead the institute assumed it might be wise not to expect too much of paradise: what if theres nobody to say hullo to the newcomer, no reception, no""",0.113389341902768,-0.0529150262212918,0,0,-0.0755928946018454,-0.159274228926088,-0.028347335475692
"286","285,Indoctrination?",0,0,0,0,0,0,0
"287","286,""what if you are tossed into a boundless void, your bearings lost, your spirit stripped and utterly alone, your task unfinished, your despair unknown, your body just beginning to putresce, a non-undressable in morning dress, your widow lying prone on a dim bed, herself a blur in your dissolving head! while snubbing gods, including the big g,""",-0.656532164298613,-0.52522573143889,-0.919145030018058,-0.393919298579168,-0.52522573143889,-0.689883998244982,-0.131032877791265
"288","287,""Iph borrowed some peripheral debris from mystic visions; and it offered tips (the amber spectacles for lifes eclipse) how not to panic when youre made a ghost: sidle and slide, choose a smooth surd, and coast, meet solid bodies and glissade right through, or let a person circulate through you.""",0.445477272147525,0.445477272147525,0.565685424949238,0.282842712474619,0.282842712474619,0.4920048983496,0.114904851942814
"289","288,""how to locate in blackness, with a gasp, terra the fair, an orbicle of jasp.""",-0.0774596669241484,-0.0774596669241484,0,0,0,0.154144737179055,0.0322748612183951
"290","289,how to keep sane in spiral types of space.",0.2,0.2,0.333333333333333,0,0,0.407333333333333,-0.166666666666667
"291","290,""Precautions to be taken in the case of freak reincarnation: what to do on suddenly discovering that you are now a young and vulnerable toad plump in the middle of a busy road, or a bear cub beneath a burning pine, or a book mite in a revived divine.""",-0.0785714285714286,-0.0785714285714286,-0.285714285714286,-0.142857142857143,-0.428571428571429,-0.0914285714285714,0.0446428571428571
"292","291,""time means succession, and succession, change: hence timelessness is bound to disarrange schedules of sentiment.""",-0.0645497224367903,-0.0645497224367903,0,0,-0.258198889747161,-0.115673102606728,0.306611181574754
"293","292,we give advice",0,0,0,0,0,0.668571611721587,0.0841969142568204
"294","293,To widower.",0,0,0,0,0,0,0
"295","294,""he has been married twice: he meets his wives; both loved, both loving, both jealous of one another.""",0.117851130197758,0.117851130197758,0.235702260395516,0,0,-0.113608489510639,-0.058925565098879
"296","295,""time means growth, and growth means nothing in elysian life.""",0.316227766016838,0.316227766016838,0,0,0.632455532033676,0.259939223665841,-0.118585412256314
"297","296,""fondling a changeless child, the flax-haired wife grieves on the brink of a remembered pond full of a dreamy sky.""",0.349148624377588,0.349148624377588,0,0,0.654653670707977,0.115219046044604,-0.0545544725589981
"298","297,""and, also blond, but with a touch of tawny in the shade, feet up, knees clasped, on a stone balustrade the other sits and raises a moist gaze""",0,0,0,0,-0.188982236504614,-0.152839383773106,0.0265756270084613
"299","298,Toward the blue impenetrable haze.",-0.290688837074973,-0.290688837074973,-0.447213595499958,0,-0.447213595499958,-0.447213595499958,-0.335410196624968
"300","299,how to begin?",0,0,0,0,0,0.0785196366097891,0
"301","300,which first to kiss?",0.25,0.25,0,0,0.5,0.208,0.25
"302","301,what toy to give the babe?",0,0,0,0,0,0.235559263597649,0.161598281641946
"303","302,does that small solemn boy know of the head-on crash which on a wild march night killed both the mother and the child?",-0.183711730708738,-0.183711730708738,-0.816496580927726,0,-0.408248290463863,-0.287610920631792,-0.361469840514879
"304","303,""and she, the second love, with instep bare in ballerina black, why does she wear the earrings from the others jewel case?""",0.234520787991171,0.234520787991171,0.21320071635561,0,-0.426401432711221,-0.16416455159382,-0.135471288517627
"305","304,and why does she avert her fierce young face?",-0.116666666666667,-0.116666666666667,-0.333333333333333,0,0,0.241,-0.416666666666667
"306","305,for as we know from dreams it is so hard",0,0,-0.316227766016838,0,0,-0.0417420651142226,-0.122538259331525
"307","306,""To speak to our dear dead! they disregard our apprehension, queaziness and shame the awful sense that theyre not quite the same.""",-0.799502686333539,-0.799502686333539,-1.06600358177805,-0.21320071635561,-0.426401432711221,-0.295879954158316,-0.183885617856714
"308","307,""and our school chum killed in a distant war is not surprised to see us at his door, and in a blend of jauntiness and gloom points at the puddles in his basement room.""",0.0428746462856272,0.0428746462856272,0,0,0,-0.193793401211035,-0.0621682371141594
"309","308,but who can teach the thoughts we should roll-call when morning finds us marching to the wall under the stage direction of some goon",-0.04,-0.04,-0.2,0,0.2,0.3912,0.0208333333333333
"310","309,""Political, some uniformed baboon?""",0,0,0,0,-0.5,0.2665,0.125
"311","310,""well think of matters only known to us empires of rhyme, indies of calculus; listen to distant cocks crow, and discern upon the rough gray wall a rare wall fern; and while our royal hands are being tied, taunt our inferiors, cheerfully deride the dedicated imbeciles, and spit into their eyes just for the fun of it.""",0.153645753419545,0.153645753419545,-0.105962588565204,0,0,-0.0260667967870401,-0.180153619481488
"312","311,""nor can one help the exile, the old man""",0.166666666666667,0.166666666666667,0.333333333333333,0,0.333333333333333,-0.000999999999999958,-0.0694444444444444
"313","312,""Dying in a motel, with the loud fan revolving in the torrid prairie night and, from the outside, bits of colored light reaching his bed like dark hands from the past offering gems; and death is coming fast.""",-0.0811107105653813,-0.243332131696144,-0.162221421130763,0,-0.486664263392288,-0.440755601212282,-0.0861801299757176
"314","313,he suffocates and conjures in two tongues the nebulae dilating in his lungs.",0,0,0,0,0,-0.00832050294337844,0
"315","314,""a wrench, a riftthats all one can foresee.""",-0.176776695296637,-0.176776695296637,0,0,0,-0.591494822462547,0.0220970869120796
"316","315,maybe one finds le grand neant; maybe again one spirals from the tubers eye.",0.133630620956212,0.133630620956212,0.267261241912424,0,0,-0.25576900851019,-0.0668153104781061
"317","316,As you remarked the last time we went by the institute: i really could not tell the difference between this place and hell.",0.033362306249132,0.033362306249132,0.0417028828114149,0,0.0417028828114149,0.256639540821448,0.0338835922842746
"318","317,we heard cremationists guffaw and snort at grabermanns denouncing the retort as detrimental to the birth of wraiths.",-0.129636243217534,-0.129636243217534,-0.235702260395516,-0.235702260395516,-0.235702260395516,0.0341768277573498,-0.058925565098879
"319","318,we all avoided criticizing faiths.",-0.447213595499958,-0.447213595499958,-0.447213595499958,-0.447213595499958,0,0.0165469030334984,0.223606797749979
"320","319,""the great starover blue reviewed the role planets had played as landfalls of the soul, the fate of beasts was pondered.""",0.141841628653395,0.141841628653395,0.218217890235992,0.218217890235992,-0.218217890235992,0.111727559800828,-0.163663417676994
"321","320,a chinese",0,0,0,0,0,0.021920310216783,0
"322","321,""Discanted on the etiquette at teas with ancestors, and how far up to go.""",0.0668153104781061,0.0668153104781061,0,0,0,-0.130958008537088,0.150334448575739
"323","322,""i tore apart the fantasies of poe, and dealt with childhood memories of strange nacreous gleams beyond the adults range.""",0.0223606797749979,0.0223606797749979,-0.223606797749979,0,0.223606797749979,0.237694026008228,-0.0838525491562421
"324","323,among our auditors were a young priest and an old communist.",0.0452267016866646,0.0452267016866646,0,0,0.301511344577764,0.0587947121926639,-0.0376889180722205
"325","324,iph could at least compete with churches and the party line.",0.0241209075662211,0.0241209075662211,0,0,0,0.421573161988629,-0.226133508433323
"326","325,in later years it started to decline: buddhism took root.",-0.237170824512628,-0.237170824512628,-0.316227766016838,-0.316227766016838,-0.316227766016838,-0.205548047910945,-0.0922330984215777
"327","326,a medium smuggled in",0,0,0,0,0,0.0515,0.125
"328","327,Pale jellies and a floating mandolin.",0,0,0,0,0,-0.285773803324704,-0.153093108923949
"329","328,""fra karamazov, mumbling his inept all is allowed, into some classes crept; and to fulfill the fish wish of the womb, a school of freudians headed for the tomb.""",0.129986736723936,0.129986736723936,-0.371390676354104,0,0.185695338177052,0.49320681819825,0.232119172721315
"330","329,that tasteless venture helped me in a way.",0.106066017177982,0.106066017177982,0.353553390593274,0,-0.353553390593274,-0.0152027957955108,-0.0441941738241592
"331","330,i learnt what to ignore in my survey of deaths abyss.",-0.452267016866645,-0.452267016866645,-0.603022689155527,-0.301511344577764,-0.603022689155527,-0.202917134900835,0
"332","331,and when we lost our child i knew there would be nothing: no self-styled spirit would touch a keyboard of dry wood",-0.354474503897027,-0.135534369137099,-0.427454548817003,-0.208514414057075,-0.208514414057075,-0.356351133623541,0.0217202514642786
"333","332,""To rap out her pet name; no phantom would rise gracefully to welcome you and me in the dark garden, near the shagbark tree.""",-0.204124145231932,-0.204124145231932,-0.204124145231932,0,0,-0.232905649709634,0.00850517271799714
"334","333,what is that funny creakingdo you hear?",0.302371578407382,0.302371578407382,0.377964473009227,0,0,0.246054871929007,-0.188982236504614
"335","334,""it is the shutter on the stairs, my dear.""",0.166666666666667,0.166666666666667,0,0,0.333333333333333,0.00166666666666667,0.25
"336","335,""if youre not sleeping, lets turn on the light.""",0,0,0,0,0,0.138333333333333,0.135416666666667
"337","336,i hate that wind! lets play some chess.",-0.265165042944955,-0.265165042944955,-0.353553390593274,0,-0.353553390593274,0.0989949493661166,0.0773398041922786
"338","337,all right.",0.565685424949238,0.565685424949238,0.707106781186547,0,0,0.474468650176173,0
"339","338,im sure its not the shutter.",0,0,0,0,0,0.0449073119510249,-0.0204124145231931
"340","339,thereagain.",0,0,0,0,0,0,0
"341","340,it is a tendril fingering the pane.",0,0,0,0,0,0.0147406144473599,0
"342","341,what glided down the roof and made that thud?",0,0,0,0,0,-0.0843333333333333,0.03125
"343","342,it is old winter tumbling in the mud.",-0.229809703885628,-0.229809703885628,0,0,-0.353553390593274,-0.462094281505409,-0.0441941738241592
"344","343,and now what shall i do?",0,0,0,0,0,0.211064366169817,0.0255155181539914
"345","344,my knight is pinned.",0.3,0.3,0,0,0.5,0.3035,0
"346","345,who rides so late in the night and the wind?",-0.0790569415042095,-0.0790569415042095,0,-0.316227766016838,-0.316227766016838,-0.0784244859721758,0.0592927061281571
"347","346,it is the writers grief.",-0.335410196624968,-0.335410196624968,-0.447213595499958,0,-0.447213595499958,-0.147580486514986,-0.279508497187474
"348","347,it is the wild march wind.",-0.102062072615966,-0.102062072615966,-0.408248290463863,0,0,-0.415596759692213,-0.0340206908719886
"349","348,it is the father with his child.",0.226778683805536,0.226778683805536,0,0,0.377964473009227,0.0340168025708304,0
"350","349,""later came minutes, hours, whole days at last, when shed be absent from our thoughts, so fast did life, the woolly caterpillar run.""",0.0834057656228299,-0.125108648434245,0.208514414057075,0,-0.41702882811415,0.385126122763417,-0.0173762011714229
"351","350,we went to italy.",0,0,0,0,0,0,0
"352","351,sprawled in the sun on a white beach with other pink or brown",0.277350098112615,0.277350098112615,0,0,0.554700196225229,0.0668413736451401,-0.0462250163521024
"353","352,Americans.",0,0,0,0,0,0,0
"354","353,flew back to our small town.",0,0,0,0,-0.408248290463863,0.291081031100734,-0.255155181539914
"355","354,found that my bunch of essays the untamed seahorse was universally acclaimed (it sold three hundred copies in one year).",0,0,0.223606797749979,0.223606797749979,-0.223606797749979,-0.505798576510452,-0.195655948031232
"356","355,""again school started, and on hillsides, where wound distant roads, one saw the steady stream of carlights all returning to the dream of college education.""",0.07,0.07,0,0.2,-0.2,0.3658,0.0770833333333333
"357","356,you went on translating into french marvell and donne.",0,0,0,0,0,-0.01,0.0416666666666667
"358","357,it was a year of tempests: hurricane",-0.302371578407382,-0.302371578407382,0,0,-0.377964473009227,-0.204856744371001,0
"359","358,Lolita swept from florida to maine.",0,0,0,0,0,0,0.153093108923949
"360","359,mars glowed.",0,0,0,0,0,0,0
"361","360,shahs married.",0,0,0,0,0,0.365574205873445,0
"362","361,gloomy russians spied.",0,0,0,0,0,0,0
"363","362,lang made your portrait.",0,0,0,0,0,0.029,0.125
"364","363,and one night i died.",-0.223606797749979,-0.223606797749979,-0.447213595499958,0,0,-0.585849810104945,0
"365","364,the crashaw club had paid me to discuss why poetry is meaningful to us.",0.133630620956212,0.133630620956212,0.267261241912424,0,0,0.698086363875253,0
"366","365,""i gave my sermon, a dull thing but short.""",0.0330833333333333,0.0330833333333333,-0.000333333333333334,0,0.333,-0.382683333333333,-0.225047619047619
"367","366,""as i was leaving in some haste, to thwart the so-called question period at the end, one of those peevish people who attend such talks only to say they disagree""",-0.440032989965599,-0.440032989965599,-0.57473696648568,-0.21552636243213,-0.035921060405355,0.115917261928081,0.103273048665396
"368","367,""Stood up and pointed with his pipe at me. and then it happenedthe attack, the trance, or one of my old fits.""",-0.159900537266708,-0.159900537266708,-0.21320071635561,0,-0.639602149066831,-0.0471173583145899,0.153238014880595
"369","368,there sat by chance a doctor in the front row.",0.0790569415042095,0.0790569415042095,0,0,0,-0.274169473136598,-0.0395284707521047
"370","369,at his feet patly i fell.",-0.204124145231932,-0.204124145231932,-0.408248290463863,0,-0.408248290463863,0,0
"371","370,""my heart had stopped to beat, it seems, and several moments passed before it heaved and went on trudging to a more conclusive destination.""",-0.163299316185545,-0.163299316185545,0,0.163299316185545,0.367423461417477,0.345092279929103,0.14799000529315
"372","371,give me now your full attention.",0.102062072615966,0.102062072615966,0,0,0.816496580927726,0.369056454579332,0.17860862707794
"373","372,i cant tell you how i knewbut i did know that i had crossed",0,0,0,0,0,0.0104231884345846,0.116926793336686
"374","373,The border.",0,0,0,0,0,0.0311126983722081,0
"375","374,everything i loved was lost but no aorta could report regret.",0.659782199772291,0.659782199772291,0.980213381222309,0.000301511344577764,0.678702036644546,0.870182846245546,0.466362672225656
"376","375,a sun of rubber was convulsed and set; and blood-black nothingness began to spin a system of cells interlinked within cells interlinked within cells interlinked within one stem.",0.0185695338177052,0.0185695338177052,0,0,-0.185695338177052,-0.38104683393931,-0.0940082649521325
"377","376,""and dreadfully distinct against the dark, a tall white fountain played.""",-0.211057941204435,-0.211057941204435,-0.603022689155527,-0.301511344577764,0,-0.502317900066554,-0.257540940160173
"378","377,""i realized, of course, that it was made not of our atoms; that the sense behind""",0,0,0,0,0.25,-0.184,-0.15625
"379","378,The scene was not our sense.",0,0,0,0,-0.408248290463863,-0.0383753393036031,0.17860862707794
"380","379,""in life, the mind of any man is quick to recognize natural shams, and then before his eyes the reed becomes a bird, the knobby twig an inchworm, and the cobra head, a big wickedly folded moth.""",0.139739139209554,-0.0246598480958036,0,0,0,0.104722154913513,-0.0102749367065848
"381","380,""but in the case of my white fountain what it did replace perceptually was something that, i felt, could be grasped only by whoever dwelt in the strange world where i was a mere stray.""",0.118321595661992,0.118321595661992,-0.0338061701891407,0,-0.0338061701891407,-0.0465172901802575,-0.294219324927365
"382","381,""And presently i saw it melt away: though still unconscious, i was back on earth.""",-0.129099444873581,-0.129099444873581,0,0,-0.258198889747161,-0.106894340355325,-0.129867893950209
"383","382,the tale i told provoked my doctors mirth.",-0.0353553390593274,-0.0353553390593274,0,-0.353553390593274,0.707106781186547,0.134703841816037,-0.220970869120796
"384","383,he doubted very much that in the state he found me in one could hallucinate or dream in any sense.",-0.409200439882462,-0.409200439882462,-0.223606797749979,-0.357770876399966,0.447213595499958,0.304552458535471,0.0768648367265553
"385","384,""later, perhaps, but not during the actual collapse.""",0.278423295092203,0.278423295092203,0.795495128834866,0.795495128834866,0,-0.374059487247684,0.0696058237730508
"386","385,""no, mr. shade.""",0,0,0,0,0,-0.357957166897568,-0.0721687836487032
"387","386,""but, doctor, i was dead! he smiled.""",-0.0755928946018454,-0.0755928946018454,-0.377964473009227,0,0.377964473009227,-0.230558328535629,-0.14173667737846
"388","387,""not quite: just half a shade, he said.""",0,0,0,0,0,-0.171826947828331,0.0110485434560398
"389","388,""however, i demurred.""",0,0,0,0,0,0,0
"390","389,in mind i kept",0,0,0,0,0,0.036,-0.1875
"391","390,Replaying the whole thing.",0,0,0,0,0,0.2845,0.1875
"392","391,""again i stepped down from the platform, and felt strange and hot, and saw that chap stand up, and toppled, not because a heckler pointed with his pipe, but probably because the time was ripe for just that bump and wobble on the part of a limp blimp, an old unstable heart.""",-0.866719056601921,-0.242681335848538,-1.07473163018638,-0.138675049056307,-0.138675049056307,0.800744402013382,0.229680549999509
"393","392,my vision reeked with truth.",0.223606797749979,0.223606797749979,0,0,0.894427190999916,0.42216963415196,0
"394","393,""it had the tone, the quiddity and quaintness of its own reality.""",0,0,0,0,0,-0.37008152255055,0.0180421959121758
"395","394,it was.",0,0,0,0,0,0,0
"396","395,""as time went on,""",0,0,0,0,0,0.4305,0.3125
"397","396,Its constant vertical in triumph shone.",0.306186217847897,0.306186217847897,0.408248290463863,0,0.816496580927726,0.570322861778017,0.306186217847897
"398","397,""often when troubled by the outer glare of street and strife, inward id turn, and there, there in the background of my soul it stood, old faithful! and its presence always would console me wonderfully.""",0.109870053114707,0.109870053114707,-0.169030850945703,-0.169030850945703,0.338061701891407,0.166326357330572,-0.0316932845523194
"399","398,""then, one day, i came across what seemed a twin display.""",0.0753778361444409,0.0753778361444409,0,0,0.301511344577764,0.0349753159710206,0.201007563051842
"400","399,it was a story in a magazine about a mrs. z.",0,0,0,0,0,0.109750129426306,-0.0376889180722205
"401","400,whose heart had been rubbed back to life by a prompt surgeons hand.",0.166410058867569,0.166410058867569,0.277350098112615,0,0,0.759107218534226,0.0346687622640768
"402","401,""She told her interviewer of the land beyond the veil and the account contained a hint of angels, and a glint of stained windows, and some soft music, and a choice of hymnal items, and her mothers voice; but at the end she mentioned a remote landscape, a hazy orchardand i quote: beyond that orchard through a kind of smoke i glimpsed a tall white fountainand awoke.""",0.150268416558255,0.150268416558255,-0.024433888871261,0,0.390942221940177,0.312491113246775,0.0730471469380408
"403","402,if on some nameless island captain schmidt",-0.0944911182523068,-0.0944911182523068,0,0,0,-0.239251511414841,0.14173667737846
"404","403,""Sees a new animal and captures it, and if, a little later, captain smith brings back a skin, that island is no myth.""",0.218940134759929,0.218940134759929,0.208514414057075,0,0.208514414057075,0.423284260535862,-0.0608167040999801
"405","404,""our fountain was a signpost and a mark objectively enduring in the dark, strong as a bone, substantial as a tooth, and almost vulgar in its robust truth! the article was by jim coates.""",0.180073514399634,0.180073514399634,0,0.171498585142509,0.0342997170285018,0.194685193853776,-0.0257247877713763
"406","405,to jim forthwith i wrote.",0,0,0,0,0,-0.0411436507859961,-0.167705098312484
"407","406,got her address from him.",0,0,0,0,0,0.0201246117974981,0
"408","407,drove west three hundred miles to talk to her.",0.133333333333333,0.133333333333333,0,0,0.333333333333333,-0.303333333333333,-0.0416666666666667
"409","408,Arrived.",0,0,0,0,0,0,0
"410","409,was met by an impassioned purr.",0.163299316185545,0.163299316185545,0.408248290463863,0,0.408248290463863,-0.232701525564402,-0.408248290463863
"411","410,""saw that blue hair, those freckled hands, that rapt orchideous airand knew that i was trapped.""",0,0,0,0,0.25,0.3825,-0.15625
"412","411,whod miss the opportunity to meet a poet so distinguished?",0.0316227766016838,0.347850542618522,0,0,0.316227766016838,0.44904342774391,0.118585412256314
"413","412,it was sweet of me to come! i desperately tried to ask my questions.",0.0668153104781061,0.0668153104781061,0,-0.267261241912424,0.267261241912424,0.0561248608016091,0.0222717701593687
"414","413,they were brushed aside: perhaps some other time.",0,0,0,0,0,0.293095760801824,0.220970869120796
"415","414,the journalist still had her scribblings.",0,0,0,0,0.408248290463863,-0.400083324654586,-0.0437408882639853
"416","415,i should not insist.",0.125,0.125,0,0,0,-0.238,0.03125
"417","416,""she plied me with fruit cake, turning it all""",0,0,0,0,0,0.247333333333333,0.125
"418","417,Into an idiotic social call.",-0.447213595499958,-0.447213595499958,-0.447213595499958,0,-0.447213595499958,-0.200351690783981,0.251557647468726
"419","418,""i cant believe, she said, that it is you! i loved your poem in the blue review.""",0.121267812518166,0.121267812518166,0.242535625036333,0,0,0.239625197535897,-0.19200736982043
"420","419,that one about mon blon.",0,0,0,0,0,-0.339882332579968,0.111803398874989
"421","420,i have a niece whos climbed the matterhorn.",0,0,0,0,0,0.426385389055488,-0.176776695296637
"422","421,the other piece i could not understand.",-0.377964473009227,0,-0.377964473009227,0,0,0.142870570797488,-0.0472455591261534
"423","422,i mean the sense.",0,0,0,0,0.5,0.3375,0
"424","423,""because, of course, the soundbut im so dense! she was.""",-0.316227766016838,0,-0.316227766016838,0,0,-0.250452390685336,-0.0395284707521047
"425","424,i might have persevered.",0,0,0,0,0,0.3565,-0.25
"426","425,i might have made her tell me more about the white fountain we both had seen beyond the veil",0.165179328386804,0.165179328386804,0,0,0.412948320967011,0.120030311961078,-0.286769667338202
"427","426,""But if (i thought) i mentioned that detail shed pounce upon it as upon a fond affinity, a sacramental bond, uniting mystically her and me, and in a jiffy our two souls would be brother and sister trembling on the brink of tender incest.""",0.229902400240545,0.388195856143871,0.670862741685524,0,-0.339200262649984,0.840613628682805,-0.109926011043976
"428","427,""well, i said, i think its getting late.""",0.194454364826301,0.194454364826301,0.353553390593274,-0.353553390593274,-0.353553390593274,0.451841233178204,0.273037498442166
"429","428,i also called on coates.",0,0,0,0,0,0,0.0559016994374947
"430","429,he was afraid he had mislaid her notes.",-0.548007755419574,-0.548007755419574,-0.353553390593274,0,-0.353553390593274,-0.0777817459305202,-0.176776695296637
"431","430,he took his article from a steel file:",0,0,0,0,0,0.541643794388895,0
"432","431,its accurate.",0.353553390593274,0.353553390593274,0.707106781186547,0,0.707106781186547,0.0233345237791561,0
"433","432,i have not changed her style.",0,0,0,0,0,-0.0289856286229343,0.0765465544619743
"434","433,""theres one misprintnot that it matters much: mountain, not fountain.""",0,0,0,0,0,-0.370618941771734,0.0395284707521047
"435","434,the majestic touch.",0.288675134594813,0.288675134594813,0.577350269189626,0,0.577350269189626,0.747668598600565,0.445040832500337
"436","435,""life everlastingbased on a misprint! i mused as i drove homeward: take the hint, and stop investigating my abyss?""",-0.263828093951146,-0.263828093951146,-0.229415733870562,-0.229415733870562,-0.229415733870562,0.259010363539864,0.0932001418849157
"437","436,""but all at once it dawned on me that this was the real point, the contrapuntal theme; just this: not text, but texture; not the dream but topsy-turvical coincidence,""",-4.56435464587639e-05,-4.56435464587639e-05,0,-0.000182574185835056,0,-1.07372809817944,0.434167119359069
"438","437,""Not flimsy nonsense, but a web of sense.""",0.441941738241592,0.441941738241592,0.707106781186547,0,1.14904851942814,0.440439136331571,0.0331456303681194
"439","438,""yes! it sufficed that i in life could find some kind of link-and-bobolink, some kind of correlated pattern in the game, plexed artistry, and something of the same pleasure in it as they who played it found.""",0.217774289174918,0.217774289174918,0.192153784566105,0.160128153805087,0.160128153805087,0.207237856654544,-0.00600480576769077
"440","439,it did not matter who they were.",0,0,0,0,0,-0.192005952288687,0
"441","440,""no sound, no furtive light came from their involute abode, but there they were, aloof and mute, playing a game of worlds, promoting pawns""",0.0204124145231931,0.0204124145231931,-0.204124145231932,0,-0.204124145231932,-0.352318274670314,-0.159471988462447
"442","441,""To ivory unicorns and ebon fauns; kindling a long life here, extinguishing a short one there; killing a balkan king; causing a chunk of ice formed on a high-flying airplane to plummet from the sky and strike a farmer dead; hiding my keys, glasses or pipe.""",-0.738076856979347,-0.738076856979347,-0.670978960890315,0,0,-0.543551304317754,0.0583459965991578
"443","442,coordinating these events and objects with remote events and vanished objects.",-0.180906806746658,-0.180906806746658,0,0,-0.301511344577764,0.0328647365589762,0
"444","443,making ornaments of accidents and possibilities.",-0.244948974278318,-0.244948974278318,0,-0.408248290463863,0,0,0
"445","444,""Stormcoated, i strode in: sybil, it is my firm convictiondarling, shut the door.""",0,0,0,-0.277350098112615,0,-0.100123385418654,0
"446","445,had a nice trip?",0.25,0.25,0.5,0,0,0.5175,-0.015625
"447","446,""splendidbut what is more i have returned convinced that i can grope my way to someto someyes, dear?""",0.202703943940144,0.202703943940144,0,0,-0.188561808316413,0.461740728114816,-0.176776695296637
"448","447,faint hope.",0.353553390593274,0.353553390593274,0,0,0.707106781186547,0.210010714012405,0.176776695296637
"449","448,section",0,0,0,0,0,0,0
"450","449,CANTO FOUR",0,0,0,0,0,-0.0212132034355964,0
"451","450,Now i shall spy on beauty as none has spied on it yet.",-0.138675049056307,-0.138675049056307,-0.277350098112615,0,-0.277350098112615,-0.254884740165493,0.0693375245281536
"452","451,now i shall cry out as none has cried out.",0.0790569415042095,0.0790569415042095,-0.316227766016838,0,-0.316227766016838,0.388960152200711,0.197642353760524
"453","452,now i shall try what none has tried.",0,0,0,0,0,-0.0159099025766973,-0.0441941738241592
"454","453,now i shall do what none has done.",0,0,0,0,0,-0.182787102936723,-0.0441941738241592
"455","454,and speaking of this wonderful machine:",0.306186217847897,0.306186217847897,0.408248290463863,0,0.408248290463863,0.476834003261792,0.127577590769957
"456","455,""Im puzzled by the difference between two methods of composing: a, the kind which goes on solely in the poets mind, a testing of performing words, while he is soaping a third time one leg, and b, the other kind, much more decorous, when hes in his study writing with a pen.""",0.124807544150677,0.124807544150677,-0.138675049056307,0,0.277350098112615,0.395806325016512,0.11267347735825
"457","456,""in method b the hand supports the thought, the abstract battle is concretely fought.""",0,0,0.267261241912424,0,-0.267261241912424,0.352250316840575,0.167038276195265
"458","457,""the pen stops in mid-air, then swoops to bar""",-0.126491106406735,-0.126491106406735,0,-0.316227766016838,0,0.399711896245283,-0.0395284707521047
"459","458,""A canceled sunset or restore a star, and thus it physically guides the phrase toward faint daylight through the inky maze.""",0.196396101212393,0.196396101212393,-0.218217890235992,-0.218217890235992,0.436435780471985,0.689568533145736,-0.102289636048121
"460","459,but method a is agony! the brain is soon enclosed in a steel cap of pain.",-0.3125,-0.3125,-0.5,0,-0.5,0.081,-0.21875
"461","460,""a muse in overalls directs the drill which grinds and which no effort of the will can interrupt, while the automaton is taking off what he has just put on or walking briskly to the corner store""",0.123299240479018,0.123299240479018,0.164398987305357,0.164398987305357,0.164398987305357,-0.0578684435314858,0.147274092794383
"462","461,To buy the paper he has read before.",0,0,0,0,0,0.190565277529775,0.0883883476483184
"463","462,why is it so?",0,0,0,0,0,0,0
"464","463,""is it, perhaps, because in penless work there is no pen-poised pause and one must use three hands at the same time, having to choose the necessary rhyme, hold the completed line before ones eyes, and keep in mind all the preceding tries?""",-0.0226133508433323,-0.0226133508433323,-0.301511344577764,0,0,0.478800015189489,-0.102074153112264
"465","464,or is the process deeper with no desk to prop the false and hoist the poetesque?",0.15,0.15,0.25,0,-0.25,-0.17075,0.0729166666666667
"466","465,for there are those mysterious moments when",-0.151185789203691,-0.151185789203691,-0.377964473009227,0,0,0.011716898663286,0
"467","466,""Too weary to delete, i drop my pen; i ambulateand by some mute command the right word flutes and perches on my hand.""",0.0104257207028537,0.0104257207028537,0,0,0,0.276490113039681,-0.0456125280749851
"468","467,""my best time is the morning; my preferred season, midsummer.""",0.411096095821889,0.411096095821889,0.316227766016838,0.316227766016838,0,0.696965996301111,0.533634355153414
"469","468,i once overheard myself awakening while half of me still slept in bed.",0,0,0,0,0,-0.443205456783958,0.0396214425875164
"470","469,""i tore my spirit free, and caught up with myselfupon the lawn where clover leaves cupped the topaz of dawn, and where shade stood in nightshirt and one shoe.""",0.278543007265578,0.278543007265578,0.371390676354104,0,0.371390676354104,0.0345393329009317,0.0800811145888536
"471","470,""And then i realized that this half too was fast asleep; both laughed and i awoke safe in my bed as day its eggshell broke, and robins walked and stopped, and on the damp gemmed turf a brown shoe lay! my secret stamp, the shade impress, the mystery inborn.""",0.25,0.107142857142857,0.142857142857143,0,0.142857142857143,0.105571428571429,0.0104166666666667
"472","471,""mirages, miracles, midsummer morn.""",0.4,0.4,0.5,0,0,0,0
"473","472,""since my biographer may be too staid or know too little to affirm that shade shaved in his bath, here goes: hed fixed a sort""",0.026,0.026,0,0,0.08,-0.12072,-0.1575
"474","473,""Of hinge-and-screw affair, a steel support running across the tub to hold in place the shaving mirror right before his face and with his toe renewing tap-warmth, hed sit like a king there, and like marat bleed.""",0.379473319220205,0.379473319220205,0.632455532033676,0,0.158113883008419,0.57600887579967,0.138349647632367
"475","474,""the more i weigh, the less secure my skin; in places its ridiculously thin; thus near the mouth: the space between its wick and my grimace, invites the wicked nick.""",-0.282989988044336,-0.282989988044336,-0.365148371670111,0,-0.182574185835055,0.125282406320015,-0.0190181443578183
"476","475,or this dewlap: some day i must set free",0.166666666666667,0.166666666666667,0.333333333333333,0,0,0.308666666666667,0.0722222222222222
"477","476,The newport frill inveterate in me. my adams apple is a prickly pear: now i shall speak of evil and despair as none has spoken.",-0.1,-0.1,0,0,-0.2,-0.0542,0.025
"478","477,""five, six, seven, eight, nine strokes are not enough.""",0.0833333333333333,0.0833333333333333,-0.333333333333333,0,0,-0.243,-0.0416666666666667
"479","478,ten.",0,0,0,0,0,0,0
"480","479,i palpate through strawberry-and-cream the gory mess and find unchanged that patch of prickliness.",-0.5,-0.5,-0.25,0,-0.5,-0.28825,-0.265625
"481","480,""i have my doubts about the one-armed bloke who in commercials with one gliding stroke clears a smooth path of flesh from ear to chin,""",0.0686406472983644,0.0686406472983644,0.196116135138184,0,-0.196116135138184,0.0103941551623238,0.0408575281537883
"482","481,Then wipes his face and fondly tries his skin.",0.166666666666667,0.166666666666667,0.333333333333333,0,0,0.347333333333333,-0.125
"483","482,im in the class of fussy bimanists.",-0.28347335475692,-0.28347335475692,-0.377964473009227,0,-0.377964473009227,-0.0994046564014268,0
"484","483,""as a discreet ephebe in tights assists a female in an acrobatic dance, my left hand helps, and holds, and shifts its stance.""",0.375325945302735,0.375325945302735,0.208514414057075,0,0.625543242171224,0.906412157906104,0.130321508785672
"485","484,""now i shall speak better than any soap is the sensation for which poets hope when inspiration and its icy blaze, the sudden image, the immediate phrase over the skin a triple ripple send""",0.454471250627648,0.454471250627648,0.514495755427526,0.342997170285018,0.171498585142509,0.535590081400055,0.228664780190012
"486","485,Making the little hairs all stand on end as in the enlarged animated scheme of whiskers mowed when held up by our cream.",0.0625543242171224,0.0625543242171224,0,0,0.208514414057075,-0.0271902795930426,0.0430060978992717
"487","486,now i shall speak of evil as none has spoken before.",0.226133508433323,0.226133508433323,0.301511344577764,0,0.301511344577764,0.176685647922569,0
"488","487,""i loathe such things as jazz; the white-hosed moron torturing a black bull, rayed with red; abstractist bric-a-brac; primitivist folk-masks; progressive schools; music in supermarkets; swimming pools; brutes, bores, class-conscious philistines, freud, marx,""",-0.527219618674978,-0.202776776413453,-0.64888568452305,0,0,-0.144539286227509,-0.194327744062893
"489","488,""Fake thinkers, puffed-up poets, frauds and sharks.""",-0.760139789775539,-0.760139789775539,-0.353553390593274,-0.353553390593274,-0.353553390593274,-0.144956890143242,-0.121533978016438
"490","489,""and while the safety blade with scrape and screak travels across the country of my cheek, cars on the highway pass, and up the steep incline big trucks around my jawbone creep, and now a silent liner docks, and now sunglassers tour beirut, and now i plough old zemblas fields where my gray stubble grows, and slaves make hay between my mouth and nose.""",-0.025,-0.15,-0.25,0,-0.125,0.10725,0.0638020833333333
"491","490,mans life as commentary to abstruse",0,0,0,0,0,0.60339097330559,-0.0510310363079829
"492","491,Unfinished poem.",0,0,0,0,0,0.0282842712474619,0
"493","492,note for further use.",0,0,0,0,0,0.704,0.104166666666667
"494","493,""dressing in all the rooms, i rhyme and roam throughout the house with, in my fist, a comb or a shoehorn, which turns into the spoon i eat my egg with.""",0.035921060405355,0.035921060405355,-0.179605302026775,0,0.179605302026775,0.346279022307622,0.127220422268966
"495","494,in the afternoon you drive me to the library.",0.2,0.2,0,0,0.333333333333333,0.195,0.111111111111111
"496","495,we dine at half past six.",0,0,0,0,0,0.041641325627314,0
"497","496,""and that odd muse of mine, my versipel, is with me everywhere, in carrel and in car, and in my chair.""",-0.0545544725589981,-0.0545544725589981,-0.218217890235992,0,0,-0.0379699129010627,0.0545544725589981
"498","497,""and all the time, and all the time, my love,""",0.237170824512628,0.237170824512628,0.316227766016838,0,0.316227766016838,1.12924935244613,0.8300978857942
"499","498,""You too are there, beneath the word, above the syllable, to underscore and stress the vital rhythm.""",-0.0848874687627165,-0.0848874687627165,-0.242535625036333,-0.242535625036333,0.485071250072666,0.475127289446176,-0.0101056510431805
"500","499,one heard a womans dress rustle in days of yore.",0,0,0,0,0,-0.0148627050027914,0.0553398590529466
"501","500,ive often caught the sound and sense of your approaching thought.",0,0,0,0,0.301511344577764,0.0428146109300424,0.131911213252772
"502","501,""and all in you is youth, and you make new, by quoting them, old things i made for you.""",0.275298880644674,0.275298880644674,0,0,0.229415733870562,0.381059533959003,0.0879426979837153
"503","502,""dim gulf was my first book (free verse); night rote came next; then hebes cup, my final float in that damp carnival, for now i term""",-0.098058067569092,0.098058067569092,0,0,0,0.315746977572476,-0.0882522608121828
"504","503,""Everything poems, and no longer squirm.""",0.306186217847897,0.306186217847897,0.408248290463863,0,0.408248290463863,0.286590299905632,-0.102062072615966
"505","504,""(but this transparent thingum does require some moondrop title. help me, will! pale fire.) gently the day has passed in a sustained low hum of harmony.""",-0.375072108451777,-0.178955973313593,0.24514516892273,0,0.637377439199098,0.600115373522843,0.179773123876669
"506","505,""the brain is drained and a brown ament, and the noun i meant to use but did not, dry on the cement.""",-0.106600358177805,-0.106600358177805,-0.21320071635561,0,0,0.118941694844766,-0.05334459590481
"507","506,""maybe my sensual love for the consonne dappui, echos fey child, is based upon a feeling of fantastically planned,""",0.688247201611685,0.688247201611685,0.458831467741123,0,0.458831467741123,0.411342410829917,0.143384833669101
"508","507,Richly rhymed life.",0,0,0,0,0,0.538667801153921,0
"509","508,""i feel i understand existence, or at least a minute part of my existence, only through my art, in terms of combinational delight; and if my private universe scans right, so does the verse of galaxies divine which i suspect is an iambic line.""",0.477895481155755,0.327139808866874,0.452267016866645,0,0.211057941204435,0.525715180405789,0.0496237421284236
"510","509,""im reasonably sure that we survive and that my darling somewhere is alive, as i am reasonably sure that i""",1.52947049660986,1.52947049660986,1.20747670784989,0,1.20747670784989,0.553426824431198,0.236184680123415
"511","510,""Shall wake at six tomorrow, on july the twenty-second, nineteen fifty-nine, and that the day will probably be fine; so this alarm clock let me set myself, yawn, and put back shades poems on their shelf.""",-0.121666065848072,-0.121666065848072,-0.162221421130763,0,-0.324442842261525,0.299460743407388,0.112203149615444
"512","511,but its not bedtime yet.",0,0,0,0,0,-0.0415908643814961,0.0559016994374947
"513","512,the sun attains old dr. suttons last two windowpanes.",0.2,0.2,0,0.333333333333333,0.333333333333333,-0.159,-0.0694444444444444
"514","513,the man must bewhat?",0,0,0,0,0,-0.01,0
"515","514,eighty?",0,0,0,0,0,0,0
"516","515,eighty-two?",0,0,0,0,0,-0.0212132034355964,0
"517","516,was twice my age the year i married you.",0,0,0,0,0,-0.0466666666666667,0.0555555555555556
"518","517,where are you?",0,0,0,0,0,0,0
"519","518,in the garden.",0.346410161513775,0.346410161513775,0,0,0.577350269189626,0.0444559707276012,0
"520","519,i can see",0,0,0,0,0,0.0219393102292058,0.115470053837925
"521","520,Part of your shadow near the shagbark tree.",0,0,0,0,0.353553390593274,0.000353553390593269,-0.110485434560398
"522","521,somewhere horseshoes are being tossed.",0,0,0,0,0,0.0550072722464948,0
"523","522,click.",0,0,0,0,0,0,0
"524","523,clunk.",0,0,0,0,0,0,0
"525","524,""(leaning against its lamppost like a drunk.) a dark vanessa with a crimson band wheels in the low sun, settles on the sand and shows its ink-blue wingtips flecked with white.""",0.0707106781186548,0.0707106781186548,-0.176776695296637,-0.176776695296637,0.353553390593274,-0.283726595951102,-0.272530738582315
"526","525,""and through the flowing shade and ebbing light a man, unheedful of the butterfly some neighbors gardener, i guessgoes by trundling an empty barrow up the lane.""",-0.0481125224324688,-0.0481125224324688,0,0,0,-0.365270270307303,0.108253175473055
